source,interaction,target
SMAD3,1,JUN
SMAD4,1,JUN
TP53,-1,RB1
YY1,1,NR3C1
IRF1,1,IRF1
FOS,-1,FOS
ETS1,1,TIMP1
ETV4,1,TIMP1
NFIC,1,CREBBP
NFIC,1,NFIC
GATA4,1,GATA4
GATA4,1,GATA6
GATA6,1,GATA4
TP53,1,JUN
JUN,-1,TP53
TP53,1,TP53
PPARG,1,SERPINE2
FOS,1,TP53
TP53,-1,FOS
SP1,1,FOS
YY1,-1,FOS
SP1,1,EGR1
EGR1,1,SP1
NR2F1,1,EGR1
JDP2,-1,LGALS1
USF1,1,USF1
CEBPB,1,DDIT3
DDIT3,1,CEBPB
ATF4,1,DDIT3
DDIT3,1,ATF4
ATF3,1,ATF4
ATF4,1,ATF3
ATF3,1,DDIT3
MAZ,-1,MAZ
RUNX1,1,FOS
HHEX,1,HHEX
TBP,1,RB1
IRF2,1,IRF2
FOS,1,TGFB1
TP73,1,TP53
TP53,1,TP73
E2F4,-1,E2F1
SP1,1,TGFB1
TBP,1,CREBBP
MSX1,-1,MSX1
RUNX2,1,RUNX2
ID1,-1,FOS
IRF1,1,IRF2
IRF2,1,IRF1
TP53,1,LITAF
LITAF,1,TP53
TP53,1,BTG2
JUN,1,ATF2
ATF2,1,JUN
HSF1,1,ICAM1
SP1,1,SP1
MEF2A,1,JUN
JUN,1,THBS1
WT1,1,THBS1
JUND,1,JUND
MAX,1,TP53
MYC,1,TP53
TP53,-1,MYC
TP53,1,NFKB1
NFKB1,1,TP53
TP53,1,RELA
RELA,1,TP53
SP1,1,SP3
SP3,1,SP1
JUN,1,JUN
SP1,-1,CEBPA
CEBPB,1,SP1
SP1,1,CEBPD
CEBPD,1,SP1
STAT6,1,CREBBP
MYC,1,BRCA1
BRCA1,1,MYC
MAZ,-1,MYC
ZNF91,-1,MYC
ATF1,1,EGR1
CREB1,1,EGR1
ID2,-1,ID3
ID3,-1,ID2
CREB1,1,MYB
EGR1,-1,EGR1
MAX,1,STAT5A
WT1,-1,WT1
SREBF1,1,PPARG
PPARG,1,SREBF1
HIF1A,1,VEGFA
SP1,1,FN1
FOS,1,FN1
JUN,1,FN1
MYC,-1,FN1
TP53,1,CREBBP
CREBBP,1,TP53
TP73,1,CREBBP
CEBPB,1,HSP90AA1
STAT3,1,HSP90AA1
STAT1,-1,HSP90AA1
HSF1,1,HSP90AA1
SP1,1,E2F1
MYC,-1,MYC
STAT5A,1,STAT5A
CREB1,-1,JUN
SP1,1,HMGA2
SP3,1,HMGA2
ATF2,1,EP300
RB1,-1,E2F1
E2F1,1,RB1
STAT3,1,JUNB
TP53,1,YY1
YY1,1,TP53
MYC,1,MAX
MAX,-1,MYC
ETS1,1,DDIT3
TP53,-1,ETS1
ETS1,1,TP53
ETS2,1,TP53
STAT5A,1,FOS
MEF2C,1,JUN
STAT6,1,IRF1
STAT6,1,STAT6
IRF1,1,STAT1
STAT1,1,IRF1
NR4A1,1,MEF2A
MEF2A,1,NR4A1
EPAS1,1,VEGFA
FOS,1,CEBPB
CEBPB,1,FOS
CEBPG,1,FOS
CEBPB,1,CEBPB
MYB,1,CEBPB
CEBPB,1,CEBPA
CEBPA,1,CEBPB
NFKB1,1,ICAM1
RELA,1,ICAM1
IRF1,1,LGALS3
IRF2,1,LGALS3
SMAD7,-1,SMAD3
SMAD3,1,SMAD7
SMAD4,1,SMAD7
SMAD7,-1,SMAD7
JUN,1,FGF2
AHR,1,AHR
JUND,1,NR4A1
IRF1,1,CREBBP
CREBBP,1,IRF1
EGR1,1,TP73
TP73,-1,SP1
SP1,1,TP73
TFAP2A,1,TP73
TP73,1,TP73
CTCF,1,APP
DNMT1,1,VEGFA
HR,1,VEGFA
WT1,1,TGFB1
CEBPB,1,TFAP2A
CEBPG,1,TFAP2A
TFAP2A,1,TFAP2A
TFAP2A,-1,CEBPA
NCOA1,1,CREBBP
RUNX1,1,ETV6
TP53,-1,BRCA1
NCOR2,-1,CREBBP
TP53,1,TGFB1
CTCF,-1,MYC
STAT5B,1,CREBBP
STAT5B,1,STAT5B
NRF1,1,E2F1
SMAD4,1,MSX2
AHR,1,RB1
MYB,1,CREBBP
ELF3,1,TGFB1
RELA,1,FN1
NFKB1,1,FN1
CEBPD,1,PPARG
ID1,-1,ID1
STAT3,1,STAT3
STAT1,1,VIM
STAT5A,1,TFAP2A
ETS1,1,NR1H2
YBX3,-1,APP
FOS,1,CALM1
ARNT,1,VEGFA
ZNF91,1,TFAP2A
NFKBIE,1,ICAM1
REL,1,ICAM1
SMAD3,1,TGFB1
YY1,-1,MYC
RUNX1,1,RUNX1
RELA,1,RELA
SP1,1,RELA
RELA,1,SP1
IRF1,-1,MYB
TP53,1,FADD
STAT3,1,VEGFA
LEF1,1,MITF
MITF,1,MITF
SP1,1,PKM
SP3,1,PKM
ATF3,-1,ATF3
SMAD7,1,TGFB1
E2F1,1,E2F1
SP1,1,LGALS1
JUN,1,COPS5
GATA4,1,HHEX
MITF,1,TBX2
TBX2,1,MITF
TBX2,1,TBX2
GABPA,1,BRCA1
SP1,1,VIM
ZNF148,-1,VIM
ATF4,1,CREBBP
JUND,1,CEBPZ
EGR1,1,FN1
EGR1,1,TGFB1
RUNX2,1,CEBPD
CEBPD,-1,CEBPD
MYB,1,MYB
SP1,1,VEGFA
SP3,1,VEGFA
AHR,1,CREBBP
CEBPB,1,CREBBP
MEF2A,1,CALM1
STAT1,1,ICAM1
STAT3,1,ICAM1
NFKB1,1,STAT5A
RELA,1,STAT5A
SMAD4,1,TGFB1
SP1,1,SMAD7
SP1,1,VDR
VDR,1,SP1
RELA,1,HLA-A
ETS2,1,FGF2
PPARG,1,CEBPA
CEBPA,1,PPARG
CEBPB,1,PPARG
CEBPG,1,PPARG
EGR1,1,KLF5
KLF5,1,EGR1
TBP,1,TBP
STAT3,1,CEBPD
MYC,-1,THBS1
MAX,1,THBS1
NR1H3,1,MYC
TP53,-1,VEGFA
YBX3,-1,YBX3
SREBF1,1,SREBF1
TP73,-1,VEGFA
TFAP2A,1,VDR
MEF2A,1,MEF2A
NR3C1,-1,RELA
RELA,-1,NR3C1
CEBPG,1,NFKB1
KDM5A,1,HMGB1
SP1,1,CALM1
TFE3,1,SMAD7
NR3C1,1,MYC
JUN,1,ATF3
ATF3,1,JUN
ATF2,1,ATF3
ATF2,1,DDIT3
DDIT3,-1,ATF2
KAT7,1,CREBBP
TP53,-1,HIF1A
HIF1A,1,TP53
TP53,1,TFAP2A
TFAP2A,1,TP53
TFAP2A,1,VEGFA
USF1,1,SERPINE2
HSF1,1,FOS
TP53,1,E2F4
NR3C1,1,NR3C1
TTF1,1,TTF1
NFIC,1,TTF1
CREM,1,CALM1
WT1,1,VDR
VDR,1,VDR
SP3,1,CEBPA
TFAP2A,1,ICAM1
NFKB1,1,NFKB1
PAX6,1,PAX6
USF1,1,USF2
USF2,1,USF1
NR2F1,1,CALR
CEBPB,1,STAT3
STAT3,1,CEBPB
STAT3,1,TGFB1
AHR,1,MYC
RELA,1,MYC
NFKB2,1,NFKB2
TP53,-1,SP1
SP1,1,TP53
USF2,1,CREBBP
TP53,1,HRAS
YY1,1,HLA-A
HR,1,TP53
TP53,1,HR
JUN,1,VEGFA
SP1,1,PARK7
ARNT,1,AHR
AHR,1,ARNT
ARNT,1,ARNT
HR,1,RB1
CEBPA,1,CEBPA
RUNX1,1,CEBPA
NR1H2,1,SREBF1
NR1H3,1,SREBF1
TP53,-1,JDP2
JDP2,-1,TP53
DNMT1,1,DNMT1
TP53,1,HBEGF
TP53,-1,DNMT1
DNMT1,1,TP53
TP73,1,GSTP1
USF2,1,USF2
TFE3,1,TFE3
TP53,1,LGALS1
TBP,1,TAF1
TAF1,1,TBP
ZNF148,1,ZNF148
NR3C1,-1,JUN
JUN,-1,NR3C1
SMAD3,-1,RUNX2
JUND,1,TIMP1
MYC,-1,CEBPA
CEBPA,-1,MYC
NRF1,1,NRF1
SP1,1,TIMP1
NR2F2,1,NR2F2
FOS,1,VEGFA
HIF1A,-1,HIF1A
NFKB1,-1,DDIT3
NFKB1,1,RELA
RELA,1,NFKB1
RELA,-1,DDIT3
NKX3-1,1,TBPL1
TP53,-1,NKX3-1
NKX3-1,1,TP53
TP53,1,TBPL1
TBPL1,1,TP53
HR,1,NOTCH1
GATA4,1,NR2F2
PPARA,-1,ICAM1
STAT1,1,STAT1
KAT7,1,RELA
DNMT1,-1,RB1
NFATC1,1,NFATC1
ZEB1,1,VDR
NKX3-1,1,AHR
SMAD2,1,TGFB1
SP1,1,MYC
KLF2,-1,MYC
SP1,1,GSTP1
CEBPB,1,GSTP1
TBP,1,LGALS1
TP53,1,HIPK2
HIPK2,-1,TP53
HHEX,1,FGF2
STAT1,-1,PPARG
FOS,1,FGF2
E2F1,-1,SERPINE2
CEBPB,1,CEBPD
CEBPD,1,CEBPB
SP1,1,HRAS
ELK3,1,JUN
ELK3,-1,EGR1
RUNX1,1,CREBBP
ID2,-1,ID2
SP1,1,PAX6
RARA,1,RB1
MECOM,1,MECOM
NR1H3,1,NR1H3
SOX9,1,SOX9
TP53,1,SIRT1
SIRT1,-1,TP53
FOS,1,APP
JUN,1,APP
STAT3,1,FOS
E2F4,-1,MYC
SMAD3,-1,MYC
ZBTB7B,-1,FN1
FOS,1,JUNB
JUNB,1,FOS
CREB1,1,BRCA1
ATF1,1,CREBBP
STAT5B,1,JUN
SMARCA1,1,SMARCA1
FOS,1,JUN
JUN,1,FOS
JUN,1,MITF
HBP1,-1,TP73
EPAS1,1,EPAS1
AHR,-1,BRCA1
ETS1,1,NR2F1
NFATC2,1,NFATC1
SP1,1,ICAM1
CEBPB,1,HSF1
HSF1,1,HSF1
SMAD3,1,LAMC1
TFE3,1,LAMC1
TWIST2,-1,TWIST2
MEF2A,1,TWIST2
SP1,1,BSG
SP3,1,BSG
TFAP2A,1,RB1
RARA,1,RARA
YY1,1,MSX2
CREB1,1,CREB1
SP1,1,CREB1
NR1H2,1,NR1H3
NR1H3,1,NR1H2
BHLHE40,-1,PPARG
HIF1A,1,PPARG
CREB1,1,NR4A2
NFKB1,1,NR4A2
RELA,1,NR4A2
NR4A2,1,NR4A2
FOSL1,1,FN1
HR,1,TIMP1
NFE2L2,1,NFE2L2
PPARA,1,DDIT3
JUN,1,EGR1
ATF4,1,ATF4
MBD2,-1,GSTP1
PPARG,-1,MYC
PPARA,1,VEGFA
CREM,1,CREBBP
CREB1,1,CREM
CREM,-1,CREB1
TP73,1,E2F1
E2F1,1,TP73
PPARG,1,VEGFA
EGR1,-1,PPARG
PPARG,1,EGR1
NFE2L2,1,GSTP1
KLF4,1,LAMC1
SP1,1,LAMC1
CEBPB,1,SREBF1
SREBF1,1,CEBPB
JDP2,-1,JUN
CEBPA,1,NR1H3
CEBPB,1,NR1H3
E2F3,1,E2F1
E2F1,1,E2F3
CEBPG,1,DDIT3
JUN,1,DDIT3
SP1,1,DNMT1
SP3,1,DNMT1
MAX,1,YBX1
MYC,1,YBX1
TP73,1,YBX1
KLF4,-1,ID3
KLF4,1,KLF4
KLF5,-1,KLF4
SMAD4,1,APP
JDP2,-1,CREBBP
E2F1,1,PPARG
E2F4,-1,PPARG
ATF2,1,NR4A2
CLOCK,1,TTF1
TP53,1,APP
CREB1,1,FOS
TP53,1,ATF3
ATF3,-1,TP53
SNAI1,1,ZEB1
SP1,1,CREBBP
TFAP2A,1,CREBBP
TFAP2A,1,SP1
SP1,1,TFAP2A
NR1H2,1,TP53
NKX3-1,-1,FOS
KLF10,-1,SMAD7
KLF4,-1,GSTP1
KLF5,-1,GSTP1
CREM,1,VDR
SP3,1,CREBBP
SMAD3,1,FN1
SMAD7,-1,FN1
CREB1,1,GSTP1
ATF2,1,CEBPB
JUN,1,CEBPB
THRA,1,THRA
TP53,1,MIF
KLF10,1,SMAD2
KLF10,1,SMAD3
KLF10,1,SMAD4
SMAD1,1,ID1
SMAD4,1,ID1
HIF1A,1,BHLHE41
CREM,1,CREM
BHLHE40,-1,CLOCK
CLOCK,1,BHLHE40
CLOCK,1,BHLHE41
BHLHE41,-1,CLOCK
STAT1,1,CREBBP
ATF1,1,JUN
KLF2,-1,PPARG
TP73,1,APP
STAT1,1,KLF4
WT1,1,RB1
MITF,1,SNAI2
TGFB1I1,1,FOS
CEBPA,-1,JUN
MYC,1,ID2
ID2,-1,MYC
CEBPG,1,LRPAP1
CEBPA,1,LRPAP1
HIF1A,1,EPAS1
EPAS1,1,HIF1A
ID1,-1,THBS1
SP3,1,SP3
THRA,1,E2F1
SMAD3,1,PPARG
FOS,1,TIMP1
JUN,1,TIMP1
HSF2,1,HSF2
USF1,1,HSF2
ATF1,1,ATF1
STAT5A,1,VIM
CEBPZ,1,TP73
HIF1A,1,CREBBP
DNMT1,1,GSTP1
USF1,1,TP53
RELA,1,CALM1
ETS2,1,ETS2
KLF5,1,KLF5
FOS,1,MYC
MYC,1,FOS
EGR1,1,TIMP1
PPARA,-1,TGFB1
ID1,-1,STAT5A
STAT5A,1,ID1
STAT5B,-1,PPARG
GATA3,1,GATA3
TP53,1,THBS1
USF2,1,NR2F2
USF2,1,PITX2
TTF1,1,LGALS3
SMAD4,1,THBS1
SMAD4,-1,VEGFA
BHLHE40,-1,BHLHE41
BHLHE41,-1,BHLHE40
SNAI1,-1,VIM
ETS2,-1,BRCA1
GATA2,1,YBX1
TTF1,1,HHEX
ETS2,1,CREBBP
ATF2,1,ATF2
CREB1,1,RB1
THRA,1,RB1
TP53,1,KLF6
KLF6,1,TP53
TP53,-1,E2F1
E2F1,1,TP53
SP1,1,WT1
WT1,1,SP1
SP1,1,MAZ
MAZ,-1,SP1
SP1,1,ETS1
ETS1,1,SP1
PPARA,-1,SREBF1
IRF1,1,SP1
RELA,-1,PPARG
TP53,-1,SREBF1
CEBPG,1,CEBPD
IRF2,1,CREBBP
HIF1A,1,WT1
RELA,1,ELF3
NFKB1,1,ELF3
TP53,1,EGR1
EGR1,1,TP53
MITF,-1,PAX6
PAX6,1,MITF
ZNF281,-1,VIM
SP1,1,ZNF148
TAF1,1,MYB
NFKB1,1,MYC
JUN,1,LGALS3
E2F4,-1,TP73
TFAP4,1,TGFB1
TP53,1,HMGB1
TP53,1,NFKB2
NFKB2,1,TP53
CUX1,-1,STAT5A
MAX,1,ID2
TP53,-1,YBX1
YBX1,-1,TP53
RUNX1,1,GATA3
TFAP2A,1,ETS1
ETS1,1,TFAP2A
NR3C1,1,FGF2
MYC,1,JUN
JUN,1,MYC
ETS2,1,APP
JDP2,-1,ATF2
E2F6,-1,BRCA1
BRCA1,-1,E2F6
YBX1,1,YBX1
PPARG,1,BRCA1
NR4A1,1,E2F1
ATF6,1,XBP1
BHLHE40,-1,BHLHE40
ELK3,1,VEGFA
FOS,-1,NR3C1
NR3C1,-1,FOS
SP1,1,RARG
TCF3,1,TCF3
JUN,1,FOSL1
JUND,1,FOSL1
JUNB,-1,JUN
TFAP4,1,APP
TBP,1,MYC
SP1,1,USF2
JUND,1,MYC
SP1,1,ARNT
ARNT,1,SP1
STAT5A,1,STAT5B
STAT5B,1,STAT5A
LEF1,1,MSX2
SMAD1,1,MSX2
CEBPG,1,ICAM1
CEBPB,1,RARA
CREB1,1,CEBPB
ATF1,1,CEBPB
ATF1,1,CREB1
RELA,1,TGFB1
ZNF148,1,STAT1
PPARG,1,IRF1
CEBPG,1,APP
HDGF,1,VEGFA
NFKB1,1,EP300
EP300,1,NFKB1
STAT1,1,LGALS3
KLF2,1,KLF2
NR3C1,1,NR1H3
NR1H3,1,NR3C1
NR1H3,1,VEGFA
NR1H2,1,VEGFA
SP1,1,APP
PPARG,1,NR1H3
NR1H3,1,PPARG
HOXA7,1,FN1
CTNNB1,1,E2F1
E2F1,-1,CTNNB1
SMAD3,1,CTNNB1
STAT3,1,VIM
MYC,1,HSP90AA1
USF1,1,BHLHE40
HIF1A,1,HSP90AA1
AHR,-1,TGFB1
HIF1A,1,NR4A1
CEBPB,1,NRG1
MITF,1,FOS
NCOR2,-1,LITAF
NCOR2,-1,NCOR2
NCOR2,-1,NR2F2
NR2F2,1,LITAF
TFAP2A,1,SP3
SP3,1,TFAP2A
ATF4,1,VEGFA
NRF1,1,CD47
NFE2L2,1,MAFK
NR1H2,1,NR1H2
CREB1,1,ICAM1
USF1,1,TGFB1
USF2,1,TGFB1
CTNNB1,1,PPARG
PPARG,-1,CTNNB1
MAFK,-1,GSTP1
SP1,1,NR3C1
NR3C1,-1,TP53
TP53,-1,NR3C1
NCOA1,1,EP300
STAT3,1,STAT5A
STAT5A,1,STAT3
ETV4,1,WT1
NCOR2,-1,PPARD
RELA,1,GSTP1
MYC,-1,DDIT3
MYB,1,NR3C1
CEBPG,1,RTN4
HIF1A,1,TIMP1
NFKB1,-1,TGFB1
RUNX1,1,TIMP1
RUNX2,1,TIMP1
RUNX1,1,JUND
STAT1,1,RB1
STAT5B,1,RB1
FOS,1,NFATC1
PAX6,1,CTCF
CTCF,-1,PAX6
RUNX2,1,VEGFA
CEBPB,1,CEBPG
TCF3,1,SP3
SP3,1,TCF3
PPARA,1,PPARA
SMARCA1,1,PPARG
BHLHE41,-1,BHLHE41
RELA,1,SIRT1
EGR1,1,ICAM1
FOS,1,RELA
RELA,1,FOS
NCOA1,1,NR4A1
SP1,1,FGF2
SMAD2,1,SMAD7
USF2,1,THBS1
USF1,1,THBS1
NFATC2,1,FGF2
SMAD2,1,VEGFA
STAT1,1,JUN
STAT2,1,JUN
TP53,-1,EZH2
EZH2,-1,TP53
EZH2,-1,EZH2
E2F3,1,TP73
EGR1,1,NR3C1
EGR1,1,CREBBP
TP53,1,CALM2
STAT3,1,ETV6
ETV6,-1,STAT3
TP53,-1,FN1
CREB1,1,ATF4
ATF4,-1,CREB1
ATF4,1,USF1
USF1,1,ATF4
STAT3,-1,SREBF1
SMAD2,1,APP
SMAD3,1,APP
EGR1,1,FGF2
HIF1A,1,ID2
SP1,1,BRCA1
CTCF,1,BRCA1
NRF1,1,E2F6
XBP1,1,HSP90B1
JUN,1,MYB
JUND,1,MYB
TP53,1,HSP90AA1
MYC,1,WT1
WT1,-1,MYC
ATF4,1,ATF6
NRG1,1,NRG1
FOS,1,CREM
CREM,-1,FOS
YY1,1,SNAI2
TP53,1,MFGE8
MYC,1,REL
REL,1,MYC
SP1,1,DNMT3A
SP3,1,DNMT3A
YY1,-1,THBS1
MSX2,-1,RUNX2
SP1,1,SREBF1
MEF2A,1,PITX2
PITX2,1,PITX2
SMAD3,-1,PPARD
TFAP2A,1,PITX2
SP1,1,NRF1
SP1,1,GATA3
GATA3,1,SP1
GATA3,1,ZEB1
ZEB1,-1,GATA3
USF1,1,LITAF
TP53,1,IRF1
IRF1,1,TP53
FOS,1,FOSL1
SMAD4,1,FN1
MBD2,-1,RB1
ETS1,1,NR2F2
PAX6,1,RB1
FOS,1,SMAD7
JUN,1,SMAD7
FOXO3,1,SIRT1
SIRT1,-1,FOXO3
HIF1A,1,TGFB1
RARA,-1,VEGFA
EGR1,-1,RELA
RELA,-1,EGR1
HIF1A,1,HSP90B1
RELA,1,NFKBIE
ATF2,1,EGR1
STAT3,-1,RB1
ELK3,-1,FOS
SP1,1,TIMP2
CUX1,-1,STAT6
NR4A1,1,RB1
SMAD1,1,VEGFA
CEBPB,1,LRPAP1
CEBPG,1,CREBBP
LEF1,1,LEF1
PITX2,1,LEF1
LEF1,1,PITX2
DNMT1,1,RUNX1
EGR1,1,VEGFA
NFATC2,1,NFATC2
EGR1,1,APP
KAT7,1,WT1
MYB,1,WT1
WT1,-1,MYB
RELA,1,NFKB2
SP1,1,HBEGF
TBP,1,FOS
TBPL1,-1,FOS
MBD2,-1,MBD2
MYC,-1,HIF1A
HIF1A,-1,MYC
SP1,1,HIF1A
HIF1A,-1,SP1
AHR,1,NFE2L2
NFE2L2,1,AHR
HIF1A,1,JUN
CEBPB,1,ID2
SP3,1,NFIC
SP1,1,RARA
GATA4,1,MEF2C
MECOM,-1,SMAD7
HR,1,ICAM1
NCOR2,-1,NFE2L2
TAF1,1,FOS
TGFB1I1,1,VIM
NKX3-1,1,NKX3-1
MECOM,1,GATA2
RB1,1,SP1
SP1,1,RB1
MYB,1,MYC
PPARG,-1,FN1
CREB1,1,FN1
SP1,1,MYB
MYB,1,SP1
STAT1,1,CEBPD
VHL,-1,HIF1A
HIF1A,1,VHL
SKIL,-1,MYC
TP53,1,COL18A1
YY1,1,RB1
TP53,1,CREB1
CREB1,1,TP53
MITF,1,HIF1A
RELA,1,KLF2
MYC,1,STAT3
STAT3,1,MYC
ETS1,1,STAT1
STAT3,1,HIF1A
HIF1A,1,STAT3
HIF1A,1,SOX9
MYB,1,SP3
USF1,1,SP3
CEBPB,1,ATF4
ATF4,1,CEBPB
MBD2,-1,BRCA1
CEBPB,1,KLF5
KLF5,1,PPARG
SP1,1,KLF6
EGR1,1,ATF3
ATF3,1,EGR1
FOXO3,1,FOXO1
FOXO1,1,FOXO3
KLF5,1,RARA
KLF5,1,VEGFA
TP53,-1,STAT3
STAT3,-1,TP53
RXRA,1,SREBF1
FOS,1,PIN1
ETS1,1,ETS1
LEF1,1,SNAI2
SMAD1,1,SNAI2
NR3C1,1,NCOA1
NCOA1,1,NR3C1
NCOR2,-1,APP
JUN,1,BRCA1
FOS,1,BRCA1
BRCA1,1,FOS
YBX1,1,YBX3
KLF4,1,TP53
TP53,1,KLF4
SP1,1,FOSL1
ETS1,1,GATA2
NR3C1,1,FN1
JUN,1,TGFB1
KAT7,1,APP
ID3,-1,ID3
ID3,-1,THBS1
SP1,1,EPAS1
SP3,1,EPAS1
HIF1A,1,FGF2
CEBPA,-1,GSTP1
SP1,-1,AHR
RARA,1,CREBBP
CREBBP,1,RARA
KLF6,1,GSTP1
SKIL,-1,SMAD7
E2F3,1,RB1
RB1,-1,E2F3
TP53,1,VDR
SREBF1,-1,VEGFA
JUN,1,HSP90AA1
NFKB1,1,CREBBP
NFKB1,1,HSP90AA1
RELA,1,HSP90AA1
FOXO1,-1,SREBF1
STAT1,1,FGF2
RARA,1,RARG
RARG,1,RARA
CLOCK,1,CLOCK
MYC,1,CLOCK
SNAI1,-1,SNAI2
SNAI2,1,SNAI2
SNAI2,-1,SOX9
SOX9,1,SNAI2
ELF1,1,ELF1
ELF1,1,NFKB1
NKX3-1,1,TFAP2A
MBD2,-1,CEBPA
USF1,1,CEBPA
TBP,1,TFAP4
TFAP4,1,TFAP4
BRCA1,1,HIF1A
HIF1A,1,BRCA1
TP53,1,ID1
ID1,-1,TP53
TP53,1,ID2
ID2,-1,TP53
WT1,1,VEGFA
RUNX2,1,LEF1
LEF1,1,RUNX2
SMAD1,1,PPARG
THRA,1,CTNNB1
CEBPB,-1,MYC
KLF6,-1,TGFB1
PPARG,-1,TGFB1
NCOR2,-1,RARA
SNAI1,-1,SNAI1
MYB,1,VEGFA
FOXO1,-1,PPARG
CEBPB,1,RB1
CEBPB,1,TGFB1
E2F4,-1,RB1
GABPA,1,RB1
E2F1,1,PURA
XBP1,1,DDIT3
ATF1,1,MITF
USF1,1,HOXB7
TCF12,1,PAX6
TCF12,1,TCF12
USF2,1,RUNX2
RARA,1,THRA
THRA,1,RARA
HIF1A,1,NAMPT
JUN,1,VIM
E2F1,-1,VEGFA
HR,1,TGFB1
TGFB1I1,1,TGFB1I1
RELA,1,ZEB1
HOXB7,1,FGF2
BHLHE40,-1,STAT1
PPARG,1,TP53
CEBPB,1,ICAM1
MYB,1,ETS2
ETS2,1,MYB
E2F1,-1,YY1
STAT3,1,TIMP1
SP1,1,CD55
SP1,1,TCF3
TCF3,1,SP1
AHR,1,SNAI2
LITAF,1,LITAF
ARNT,1,HIF1A
HIF1A,1,ARNT
RUNX1,1,RUNX3
RUNX3,-1,RUNX1
HBP1,-1,RB1
RB1,1,HBP1
MTA1,1,VEGFA
CEBPB,1,ATF3
RUNX1,1,GATA2
E2F4,-1,BRCA1
ATF2,1,TIMP1
RELA,-1,TIMP1
USF2,1,GATA4
SP1,1,DDIT3
VDR,1,NR1H3
NR1H3,1,VDR
AHR,1,TP53
ATF1,1,FOSL1
CREB1,1,FOSL1
MAX,1,CEBPA
CREB1,1,MITF
MEF2A,1,MEF2C
MEF2C,1,MEF2A
RUNX2,1,NFATC2
E2F1,1,BRCA1
MEF2A,1,ATF3
XBP1,1,XBP1
JUN,1,VDR
CTCF,1,CTCF
FOXO3,-1,ID1
SMAD4,-1,MYC
LEF1,1,MYC
KAT7,1,S100A4
ID1,1,VEGFA
SP1,1,TWIST1
TP53,-1,NOTCH1
JUN,1,SP1
SP1,1,JUN
SMAD1,1,RUNX1
MAZ,1,VEGFA
USF2,1,TFAP4
TFAP4,-1,CEBPA
SMAD3,-1,PAX6
CEBPA,1,FOS
ATF2,1,TGFB1
CLOCK,1,PKM
ATF2,1,ATF4
ATF4,1,ATF2
PPARG,1,NAMPT
CREB1,1,SOX9
SP1,1,SOX9
SP1,1,LITAF
ATF6,1,ATF6
NFKB1,1,ATF6
NFE2L2,1,CREBBP
EPAS1,1,FGF2
MYC,1,FOXM1
FOXM1,1,MYC
JUNB,1,VEGFA
NKX3-1,1,TP73
STAT1,1,TP73
ATF4,1,CEBPA
CTCF,1,RB1
RELA,1,BTG2
PAX6,1,HIPK2
JUNB,1,JUND
JUND,1,JUNB
SNAI1,-1,VDR
NR1H3,1,TFAP2A
ATF1,-1,THBS1
AHR,-1,VEGFA
NFKB1,1,YY1
RELA,1,YY1
USF1,1,LGALS3BP
USF2,1,LGALS3BP
CREB1,1,VEGFA
CEBPA,1,ANXA1
RUNX1,1,ANXA1
JDP2,-1,CEBPD
E2F1,1,KLF6
MYC,-1,CEBPD
MAX,1,CEBPD
E2F1,1,FOXO1
E2F1,1,FOXO3
ZBTB7A,-1,ZBTB7A
TCF3,1,ID1
ID1,-1,TCF3
XBP1,1,JUN
SP1,1,SNAI2
TCF3,1,FN1
STAT1,1,FOXO3
GATA4,1,ID2
TBPL1,1,GSTP1
TBPL1,1,TBPL1
CEBPB,-1,RUNX2
HIF1A,1,LGALS3
ELF4,1,LGALS3
TP53,1,KLF5
ZEB1,1,FN1
ZEB1,1,VIM
ETS1,1,ZEB1
CREB1,1,SKIL
SP1,1,SKIL
JUN,1,ID2
EGR1,1,ID2
PPARD,1,HBEGF
TFAP2A,1,APP
SP3,1,VIM
REL,1,REL
TCF7L2,1,RUNX2
TP73,1,VDR
NFATC1,1,FN1
CREB1,1,HIF1A
IRF1,1,TP73
SP3,1,ATF3
MYC,1,VEGFA
NR3C1,1,ANXA1
CUX1,-1,ICAM1
ZBTB7B,1,ZBTB7B
NFKB1,1,HIF1A
RELA,1,HIF1A
SMARCA1,1,CREBBP
TFAP2A,1,USF1
USF1,1,TFAP2A
USF1,1,CREBBP
USF1,1,SMARCA1
SNAI2,-1,PPARG
STAT3,1,TWIST1
GATA3,1,CALR
HSF2,1,FOS
HSF2,1,HSP90AA1
MTA1,-1,BRCA1
NRG1,1,MTA1
EGR1,1,ID3
ID3,-1,EGR1
NFATC1,1,ID3
YBX3,-1,FOS
USF1,1,CTCF
SP3,1,PARK7
MEF2C,1,PPARA
ATF3,1,FN1
ATF3,1,SNAI2
CREB1,1,USF2
PPARA,1,AHR
JUN,1,CEBPD
REL,1,CEBPD
YY1,-1,PPARD
KLF4,1,MYC
MYC,1,KLF4
GATA4,1,VEGFA
YY1,1,TP73
FOXC1,1,FOXO1
PPARD,1,TGFB1
CEBPA,-1,VEGFA
CREB1,1,MIF
SP1,1,MIF
PPARG,-1,FOS
EGR1,-1,SREBF1
NFATC2,1,APP
CXXC1,1,HOXA7
NR3C1,1,AHR
NFATC1,-1,SP1
SP1,1,NFATC1
ID1,1,BRCA1
JUN,1,FADD
KLF4,1,HMGB1
ATF3,1,CREBBP
EPAS1,1,CTCF
ETS1,1,WT1
WT1,1,ETS1
BHLHE41,-1,VEGFA
BHLHE40,-1,VEGFA
CREB1,1,SMARCA1
SP1,1,SMARCA1
TP53,-1,CTNNB1
MYB,1,MAZ
MAZ,-1,MYB
VDR,-1,HR
FOXO3,-1,HIF1A
HIF1A,1,TWIST1
TP53,1,SMARCA1
SMARCA1,1,TP53
MECOM,1,CALR
GATA6,1,CALR
PPARD,1,FOXO1
MAX,1,MAX
E2F1,-1,SP3
JUN,1,SP3
CUX1,-1,MYC
SMARCA1,1,CEBPB
ZBTB7A,-1,SP1
SP1,1,ZBTB7A
ZBTB7A,-1,E2F4
SMAD4,1,ID3
NFIC,1,FOS
SP3,1,BRCA1
SP1,1,ELF1
SP1,1,GABPA
KLF4,1,HSPA8
GATA4,-1,CEBPB
GATA4,-1,CEBPD
KLF2,1,CEBPA
KLF5,1,CEBPA
CEBPB,1,MFGE8
KLF4,1,CEBPB
CEBPB,-1,KLF4
JDP2,-1,DDIT3
EZH2,-1,RUNX3
FOXO3,1,TP53
TP53,1,FOXO3
EPAS1,1,EFNA1
KLF4,1,CD55
KLF5,1,CD55
RUNX2,1,LGALS3
EPAS1,1,RUNX2
YY1,1,EGR1
GATA6,1,GATA6
RUNX1,1,TCF12
DNMT1,1,HOXA7
DDIT3,1,ID2
SNAI2,-1,VDR
TP53,1,TWIST1
TWIST1,-1,TP53
TWIST1,1,YBX1
HMGA2,1,HMGA2
TP53,1,GSTP1
EGR1,1,HIF1A
FOXC1,1,FN1
AHR,1,THBS1
GATA2,-1,PPARG
GATA3,-1,PPARG
STAT5A,1,HSPA8
TP53,1,ANXA1
JUN,1,LIF
BHLHE40,-1,TP53
TP53,1,BHLHE40
BHLHE40,-1,ID1
E2F6,-1,E2F1
E2F1,1,E2F6
ID1,-1,TGFB1
MYC,1,ETS2
ETS2,1,MYC
PPARG,-1,COPS5
SP1,1,COPS5
TCF4,1,COPS5
STAT3,-1,LGALS3BP
PPARG,1,CALR
TFAP2A,1,CALR
CUX1,-1,JUN
SMAD2,-1,SNAI1
SMAD3,1,SNAI1
SMAD4,1,SNAI1
JUN,1,PPARD
CREB1,1,USF1
USF1,1,CREB1
MYB,1,GSTP1
SP1,1,TBX2
YY1,-1,DDIT3
RELA,1,IRF1
RELA,1,NFATC1
KLF6,1,ATF3
EGR1,-1,THBS1
MEF2C,1,CTNNB1
GATA6,1,MECOM
MEF2C,1,CALR
MEF2C,1,MECOM
MEF2C,1,NR2F1
PPARA,1,CALR
STAT3,1,SP1
PITX2,1,SP1
SP1,1,NFIC
NFIC,1,SP1
PURA,1,APP
EGR1,1,CTNNB1
MBD2,-1,EP300
STAT6,1,EP300
ZBTB7A,-1,RB1
E2F1,1,SRSF2
HMGA2,1,SNAI1
VDR,1,VEGFA
BHLHE41,-1,SREBF1
EGR1,1,ID1
FOXO1,-1,EGR1
NFE2L2,1,NRF1
ATF4,1,LITAF
DDIT3,1,LITAF
ATF1,1,TAF1
SMAD3,1,VEGFA
FOXM1,1,VEGFA
CEBPB,1,NR4A1
NFKB1,1,NR4A1
STAT5A,-1,ID2
STAT5A,1,HSP90AA1
STAT5B,1,HSP90AA1
RUNX1,1,LGALS3
NR1H3,1,BHLHE40
HIF1A,1,HIPK2
HIPK2,-1,HIF1A
NFATC2,1,GATA3
MAZ,1,PPARG
ELF3,1,EGR1
CEBPB,-1,TP53
SMAD3,1,ID1
HIF1A,1,FOXM1
MSX2,1,NOTCH1
MEF2A,1,KLF2
KLF2,1,MEF2A
SNAI1,-1,TP53
HIF1A,1,APP
GATA3,1,STAT1
STAT1,1,GATA3
ETV4,1,VEGFA
HIF1A,1,PARK7
SP1,1,KLF4
STAT3,1,REL
MYC,1,EZH2
EZH2,-1,MYC
PPARA,1,NR1H3
NR1H3,1,PPARA
MBD2,-1,RELA
JUND,1,TGFB1
JDP2,-1,ATF3
TP53,1,ZBTB7A
FOXO1,1,FOXO1
RELA,1,SOX9
EGR1,1,YBX1
SP1,1,NKX3-1
FOXO3,-1,FOXM1
E2F1,1,EGR1
PITX2,1,NR1H2
TP53,1,HSF1
HSF1,1,TP53
SOX9,-1,RUNX2
RUNX2,1,SOX9
RUNX1,1,KLF4
STAT3,1,DNMT1
SP3,1,FGF2
NFATC1,1,ICAM1
CTNNB1,1,LEF1
LEF1,1,CTNNB1
NFKB1,1,CEBPA
CEBPA,1,NFKB1
NCOA1,1,TWIST1
ETV4,1,TWIST1
SMAD2,1,FN1
GTF3A,1,VEGFA
USF1,1,ID2
IRF1,1,HLA-A
FOS,1,ETS1
ETS1,1,FOS
JUN,1,ETS1
ETS1,1,JUN
RELA,-1,PIN1
ID1,-1,FGF2
ID3,-1,FGF2
CEBPB,1,XBP1
KLF2,-1,HIF1A
FOXO3,1,RUNX1
TCF3,1,VDR
REL,1,NFKB1
WT1,1,CREBBP
ATF1,1,FOS
TP53,1,BSG
KLF10,1,TGFB1
MYC,1,E2F1
E2F1,1,MYC
TCF3,1,NOTCH1
ID3,-1,NOTCH1
FOXO3,1,SERPINE2
NR1H3,1,RARA
CUX1,1,SNAI2
HIF1A,1,S100A4
RUNX2,1,FN1
TFAP2A,-1,PPARD
KLF5,1,MYC
YY1,-1,YY1
KLF4,1,NOTCH1
ATF4,1,VIM
SNAI2,1,RUNX2
RUNX2,1,SNAI2
MECOM,1,PBX1
SP1,1,TERF2
DNMT3A,-1,TIMP2
MYC,1,TIMP2
SMAD3,1,GLI2
STAT6,-1,NFATC1
PPARG,-1,KLF6
KLF6,-1,PPARG
CEBPG,1,SREBF1
TP53,1,MTA1
MTA1,1,TP53
CEBPG,1,PIN1
MYC,1,RARA
RARA,1,MYC
NR4A2,1,FABP5
NFE2L2,1,ATF3
TBP,1,LITAF
TP53,1,LIF
ETS1,1,RUNX3
CLOCK,1,CREBBP
NCOA1,1,SIRT1
RARA,1,SIRT1
DNMT1,1,BRCA1
EGR1,1,PIN1
BHLHE41,1,BRCA1
STAT1,1,RUNX3
STAT1,1,SMAD3
NR3C1,1,CREB1
CREB1,1,NR3C1
ATF6,1,CREB1
RUNX1,1,NUCB2
SP1,1,ETS2
TAF1,1,ETS2
TBP,1,ETS2
NFKB1,1,PPARA
RELA,-1,PPARA
PPARD,-1,WT1
PPARG,1,MIF
CTCF,1,TP53
NFE2L2,1,TGFB1
PPARD,1,CALR
TCF4,1,MYC
RELA,-1,CREB1
JDP2,-1,VIM
CXXC1,1,VIM
DNMT1,1,DNMT3A
DNMT1,1,FOS
STAT3,1,NR3C1
CEBPA,1,SIRT1
CEBPG,1,SIRT1
PPARD,1,SIRT1
SP1,1,SIRT1
SOX9,-1,VEGFA
SP3,1,SREBF1
ATF4,1,NFE2L2
NFE2L2,1,ATF4
NFE2L2,1,VEGFA
EGR1,1,HBEGF
TCF3,1,ID3
ID3,-1,TCF3
TFAP2A,1,NR2F2
NR2F2,1,TFAP2A
RARA,1,TFAP2A
RXRA,1,TFAP2A
RARA,1,NR2F2
MYC,1,NKX3-1
SNAI1,-1,RUNX2
GATA2,1,GATA2
XBP1,1,VEGFA
ATF4,1,FGF2
MYB,1,BRCA1
SP1,1,FOXM1
JUN,1,PIN1
CEBPA,1,PIN1
E2F1,1,PIN1
HBP1,-1,MIF
CLOCK,1,KLF10
MYC,1,ID1
ID1,-1,MYC
HMGA2,1,VIM
GTF3A,1,GTF3A
KDM5A,1,CD55
SP1,1,TTF1
TTF1,1,SP1
ATF4,1,RUNX2
SP1,1,NFKB1
NFKB1,1,SP1
NFATC1,1,VEGFA
SP3,1,NOTCH1
ELF1,1,ICAM1
NR1H3,1,TGIF1
YY1,-1,LEF1
HIF1A,-1,LGALS1
TFAP4,1,PIN1
CEBPG,1,ATF3
CREB1,1,NRF1
RELA,1,NRF1
PPARG,-1,RUNX2
ATF3,1,STAT1
ID2,-1,NOTCH1
NFE2L2,1,NOTCH1
SMAD7,-1,VEGFA
PPARG,-1,SIRT1
SIRT1,-1,PPARG
YY1,1,VEGFA
MTA1,1,MTA1
TFE3,1,TGFB1
SP1,1,SMAD3
SMAD1,1,TCF7L2
TCF7L2,1,SMAD1
E2F1,1,ELF4
TP53,-1,ELF4
ELF4,-1,TP53
CREB1,-1,TFAP2A
E2F1,-1,TFAP2A
ZEB1,-1,TP73
STAT3,1,RELA
RELA,1,STAT3
NRF1,1,SIRT1
TGFB1I1,1,MYC
TGFB1I1,1,TGFB1
DDIT3,-1,PPARG
PPARG,1,DDIT3
CTNNB1,1,STAT3
STAT3,1,CTNNB1
NFATC2,1,HSF1
WT1,1,SMAD3
ETS1,1,NKX3-1
FOS,1,NR4A1
JUN,1,NR4A1
NR4A1,1,JUN
GATA3,1,NKX3-1
ID2,-1,CLOCK
CLOCK,1,JUN
TP53,-1,KLF2
KLF2,1,TP53
KAT7,1,JUN
DNMT1,1,HR
STAT6,1,GATA3
DDIT3,1,CEBPD
CEBPD,1,DDIT3
E2F1,-1,DDIT3
CEBPD,1,RB1
RB1,1,DDIT3
DDIT3,1,RB1
E2F1,1,THBS1
NR2F2,-1,VEGFA
GATA4,1,EP300
MEF2C,1,EP300
TP53,1,GATA4
GATA4,1,TP53
RARG,1,HOXA1
FOSL1,1,JUNB
JUNB,1,JUNB
SP1,1,CREM
TBP,1,JUN
GATA4,1,FGF2
PITX2,1,TWIST2
PITX2,1,GSTP1
FOS,1,GSTP1
JUN,1,GSTP1
GATA6,-1,TGFB1
RUNX3,1,TIMP1
USF1,1,RUNX2
FOXO1,1,SIRT1
ID1,-1,ID3
SP1,1,ADAM15
KLF4,1,ATF3
EZH2,-1,GSTP1
FOS,1,NRF1
JUN,1,NRF1
MYC,-1,JUNB
E2F7,-1,SP1
HSF2,1,HIF1A
CREM,1,NFATC1
NR1H3,1,AHR
FOXO1,1,RUNX2
TTF1,1,APP
CEBPB,1,BTG2
TWIST1,1,ZEB1
SMAD4,1,ID2
NCOR2,-1,VEGFA
HIF1A,1,NCOR2
SNAI1,1,FN1
ID2,-1,CREBBP
REL,1,TGFB1
NR3C1,1,SIRT1
ELF1,1,SIRT1
TTF1,1,CREBBP
ETV4,1,SNAI1
SP1,1,SERPINE2
RUNX1,-1,VEGFA
MBD2,-1,NFATC2
SP1,1,ATF2
HIF1A,1,HSF1
MBD2,-1,APP
ATF3,-1,ID1
CEBPB,1,LAMC1
ATF2,1,FN1
FOSL1,-1,CEBPA
NFATC1,1,TIMP1
CEBPG,1,STAT5B
PPARA,1,STAT5B
CEBPA,1,STAT5B
CEBPB,1,STAT5B
RUNX1,1,SIRT1
KLF10,1,RUNX2
HMGA2,1,KLF5
SNAI2,1,STAT1
CXXC1,1,RB1
YY1,1,BRCA1
ETV4,1,NOTCH1
CEBPB,1,COPS5
STAT3,1,COPS5
CEBPG,1,COPS5
FOXO3,1,RUNX2
XBP1,1,SIRT1
STAT3,1,IRF1
STAT3,1,FOXO1
STAT3,1,FOXO3
RARA,-1,STAT1
EZH2,-1,VIM
DDIT3,1,FN1
MYC,1,FOXO3
SMAD2,1,PPARG
SMAD4,1,PPARG
RUNX1,1,LITAF
NCOR2,-1,PPARG
FOXO3,-1,VEGFA
SOX9,-1,CEBPB
SOX9,-1,CEBPD
RARA,1,BHLHE40
CEBPA,1,LGALS1
CTCF,1,VEGFA
ATF3,1,LIF
ATF3,1,SERPINE2
ID2,-1,RB1
STAT5A,1,LIF
XBP1,1,RUNX2
NFKB1,-1,CTCF
ZNF281,-1,ZNF281
MAZ,1,HRAS
STAT1,1,COPS5
MEF2C,1,MEF2C
CLOCK,1,MBD2
STAT5A,1,NFATC2
NFATC2,1,STAT5A
HBP1,-1,CREBBP
HBP1,-1,HBP1
TGFB1I1,1,ID1
ID1,-1,TGFB1I1
NR4A1,1,PIN1
E2F4,-1,TBX2
YY1,1,VIM
EGR1,1,TCF7L2
TCF7L2,-1,EGR1
SNAI1,-1,TWIST1
TWIST1,-1,SNAI1
TP53,1,HDGF
HDGF,1,TP53
MBD2,-1,HOXA1
TP53,1,HSPA8
SREBF1,1,TGFB1
ETS1,1,GATA4
TP53,1,VHL
VHL,-1,TP53
SMAD1,1,EZH2
HOXA7,1,HOXA7
ETS1,1,JUNB
HBP1,-1,HMGB1
HIF1A,1,BTG2
GATA3,-1,FOXC1
TCF12,1,FN1
SP3,1,APP
ELF4,1,ELF4
TP53,1,GATA2
GATA2,1,TP53
RELA,1,NAMPT
DNMT3A,-1,BRCA1
TP53,1,FOSL1
STAT2,1,NFKB2
STAT2,1,CREBBP
KLF4,-1,SNAI2
SNAI2,-1,KLF4
YBX1,1,E2F1
ZNF148,1,TP53
HMGA2,1,TWIST1
NRG1,1,NOTCH1
RELA,1,TWIST1
TWIST1,-1,RELA
DNMT1,1,RUNX3
NR4A2,1,TIMP2
MYC,1,VHL
NR2F2,1,CTNNB1
ELF4,1,PPARG
NR3C1,1,BRCA1
NFATC2,1,MYC
KLF4,-1,RARA
RARA,1,KLF4
YBX1,1,KLF4
ETS1,1,FN1
ATF4,1,SIRT1
FOXO1,1,VEGFA
EPAS1,1,EP300
MITF,1,VEGFA
TFE3,1,VEGFA
NR3C1,-1,RUNX2
SP1,1,PPARG
PPARG,1,SP1
MECOM,1,PPARG
ATF3,-1,CEBPA
NRF1,1,NR3C1
RUNX2,-1,NR2F2
GLI2,-1,MITF
TFAP2A,1,CTNNB1
EGR1,1,FOS
SOX9,-1,CTNNB1
PAX6,1,NOTCH1
NCOA1,1,VEGFA
MYC,1,SOX9
LEF1,1,VIM
CREB1,1,PPARG
AHR,-1,CD55
TP53,1,NFE2L2
MYC,1,ID3
REL,1,RELA
RUNX1,1,RELA
CREB1,1,ATF3
CREB1,1,BTG2
SMAD3,1,SIRT1
JUN,1,SIRT1
SMAD4,-1,SKIL
KLF4,-1,VDR
HIF1A,1,BSG
NFE2L2,1,DDIT3
STAT3,1,STAT1
STAT1,1,STAT3
RUNX2,-1,RUNX1
DNMT3A,-1,DNMT3A
E2F1,-1,DNMT3A
RB1,-1,DNMT3A
DNMT3A,-1,RB1
BHLHE41,-1,SNAI2
CTCF,1,JUN
GATA4,1,SIRT1
FOS,1,E2F1
E2F1,1,FOXM1
SKIL,-1,TP53
ID1,-1,RUNX2
SMAD7,-1,MTA1
MTA1,-1,SMAD7
EGR1,1,KLF4
GLI2,1,TGFB1
HHEX,-1,VEGFA
ID2,-1,LGALS1
E2F7,1,VEGFA
FOXC1,1,SNAI1
MYC,1,NFE2L2
NFE2L2,-1,MYC
FOXO3,1,MFGE8
JUN,1,KLF6
KLF6,1,JUN
RELA,1,BHLHE40
NR1H3,1,SIRT1
EZH2,-1,GATA3
NFATC2,1,LGALS3
KAT7,1,VEGFA
FOXO1,1,KLF2
SNAI2,-1,BRCA1
SP1,1,CALM3
TP53,1,HSP90B1
PPARD,1,VEGFA
ZBTB7A,-1,RELA
SNAI1,-1,MBD2
CEBPG,1,HSF1
GATA2,1,CEBPB
STAT3,1,FGF2
CREM,1,NOTCH1
PPARG,-1,PKM
FOXC1,1,MSX2
TP53,1,RUNX1
RUNX1,1,TP53
TP53,1,PARK7
RUNX2,1,FOSL1
SNAI2,-1,CTNNB1
CTNNB1,1,SNAI2
SNAI2,1,VIM
CTNNB1,1,ZEB1
ZEB1,-1,CTNNB1
SMAD4,1,SIRT1
STAT6,1,TGFB1
HSF1,1,FOXM1
NFIC,1,AHR
AHR,1,NFIC
PITX2,1,AHR
DNMT3A,-1,VEGFA
SREBF1,1,COL6A1
MAZ,-1,GATA4
MYC,1,GATA4
HBP1,-1,DNMT1
FOXO3,1,STAT5A
KLF5,-1,SOX9
PPARA,1,KLF4
PPARG,1,KLF4
MYC,1,EGR1
DNMT1,1,CD55
HR,1,BRCA1
FOXM1,1,SNAI1
SP1,1,JUND
NFE2L2,1,BRCA1
ZNF91,1,VDR
NKX3-1,-1,TWIST1
MTA1,1,VIM
NFATC1,1,NFIC
LITAF,1,VEGFA
STAT6,1,VEGFA
CEBPA,1,SREBF1
NFIL3,-1,SREBF1
VDR,1,EZH2
EZH2,-1,VDR
STAT3,1,EZH2
TCF3,1,SNAI1
MSX2,1,EFNA5
NR3C1,1,NFIL3
EGR1,1,BRCA1
BRCA1,1,EGR1
HOXA1,1,HOXA1
MITF,1,HOXA1
HOXA1,1,MITF
KLF4,1,CTNNB1
CTNNB1,-1,KLF4
KLF4,-1,VEGFA
KLF4,1,VIM
KLF2,1,GATA4
RELA,1,DNMT1
WT1,-1,SNAI2
CREB1,1,FGF2
ATF4,1,CTNNB1
HIF1A,1,SNAI1
PITX2,1,XBP1
NR3C1,1,SP3
ID3,-1,JUN
CEBPG,1,HMGB1
TCF3,1,ID2
ID2,-1,TCF3
CEBPB,-1,SIRT1
NFIL3,1,ARNT
KLF4,-1,FOXM1
MYC,1,ATF4
EZH2,-1,BRCA1
TTF1,1,HMGA2
KLF4,1,TGFB1
TFAP2A,1,HOXA7
LEF1,1,FN1
SNAI1,-1,PPARG
HR,-1,MSX2
CXXC1,1,KLF2
EZH2,-1,KLF2
TFAP4,1,FN1
CEBPB,1,HIPK2
NR1H2,-1,FOXM1
NR1H3,-1,FOXM1
TP53,1,SMAD2
MYC,1,SMAD2
SMAD2,1,MYC
RUNX2,1,THBS1
RUNX3,1,THBS1
NR1H3,1,FOXO1
MEF2A,1,KLF4
CEBPB,1,STAT6
ETS1,-1,THBS1
NR4A2,-1,THBS1
PAX6,-1,VEGFA
NR4A2,1,SIRT1
NRG1,1,LGALS1
NFKB1,1,DNMT1
SP1,1,THBS1
STAT3,1,MIF
ELF4,1,NFKB1
FOXO3,1,NFKB1
NFKB1,1,FOXO3
CLOCK,1,MTA1
MTA1,1,CLOCK
HSF1,1,JUN
RUNX2,-1,HBEGF
ATF2,1,SOX9
GLI2,1,BHLHE41
MSX1,1,S100A4
MYB,1,S100A4
TFAP2A,1,S100A4
SNAI1,-1,ZNF281
AHR,1,JUN
TWIST1,1,FOXM1
STAT1,1,PPARA
STAT3,1,PPARA
MYC,1,SMARCA1
GATA3,1,NOTCH1
NOTCH1,1,GATA3
SP1,1,NOTCH1
CTCF,-1,RUNX1
CLOCK,1,ICAM1
STAT5A,-1,LEF1
BHLHE40,-1,TP73
SNAI1,-1,MTA1
MTA1,1,SNAI1
CLOCK,1,SIRT1
MYC,1,RUNX3
RUNX3,-1,MYC
TFAP2A,1,HIF1A
SP1,1,PPARA
NFE2L2,1,HIF1A
HIF1A,1,NFE2L2
EZH2,-1,NOTCH1
STAT1,1,RELA
RELA,1,STAT1
WT1,1,CTCF
CTCF,1,WT1
ATF3,1,NFKB2
CEBPA,1,GNAI2
CEBPB,1,GNAI2
CEBPG,1,GNAI2
CEBPG,1,SP1
SP1,1,GNAI2
STAT5A,1,FOSL2
AHR,1,YY1
NCOA1,1,PAWR
DNMT1,-1,KLF4
DNMT3A,-1,KLF4
NR3C1,1,PPARG
PPARG,1,NR3C1
PBX1,1,PAX6
FOXO1,1,TWIST1
MYC,1,BSG
EZH2,-1,NFE2L2
PPARA,1,NAMPT
PPARD,1,NAMPT
STAT1,1,PARK7
JUN,1,JUND
ATF4,1,STAT3
ZBTB7A,-1,PKM
SMAD2,1,FGF2
SMAD3,1,FGF2
RARA,1,LAMB1
RARG,1,LAMB1
FOS,1,MYB
IRF1,1,ICAM1
STAT1,1,FOS
SP1,1,LGALS3
MYB,1,EGR1
EGR1,-1,MYB
PPARA,-1,GSTP1
TCF12,1,ID2
WT1,-1,EGR1
CEBPG,1,GSTP1
RXRA,1,ICAM1
RARA,1,ICAM1
JUN,1,HBEGF
NR3C1,-1,ICAM1
WT1,1,RARA
TBP,1,MYB
TAF1,1,RB1
TFAP2A,1,NR3C1
FOS,1,RB1
RB1,-1,FOS
STAT2,1,SIRPA
IRF1,1,JUN
WT1,1,JUN
EGR1,1,RB1
ETV4,1,ETS1
RXRA,1,TGFB1
TFAP2A,1,MYC
CEBPG,1,JUN
VDR,1,RARA
HMGA2,1,JUN
TP53,1,TBP
EGR1,1,NR4A1
RB1,1,ELF1
ELF1,1,RB1
WT1,1,LITAF
USF1,1,APP
ZNF91,1,HLA-A
DDIT3,-1,DDIT3
REL,1,JUN
NFKB1,1,RB1
XBP1,1,RB1
HR,1,LAMB1
NR3C1,1,LAMB1
TP53,1,DDIT3
ETV4,1,VIM
ETS2,1,JUNB
JUNB,1,ETS2
AHR,1,APP
MYC,-1,SP3
SP3,1,MYC
HBP1,-1,MYC
MYC,1,HBP1
SMARCA1,1,BRCA1
EGR1,1,NFKB1
NFKB1,-1,EGR1
NFKB1,1,NFKB2
SMARCA1,1,LGALS1
ETS2,1,HBEGF
E2F1,1,TGFB1
STAT2,1,IRF1
FOS,1,ICAM1
JUN,1,ICAM1
SKIL,-1,HSPA8
SP3,1,RB1
STAT5A,1,NR3C1
REL,1,NFKB2
ATF6,1,FOS
USF1,1,PSAP
STAT3,1,LIF
STAT5B,-1,IRF1
STAT5A,-1,IRF1
MYB,1,FGF2
PURA,1,TGFB1
TWIST1,1,MEF2C
ELF1,1,MYC
ETV4,1,ETV4
HR,1,FN1
STAT1,1,STAT6
STAT6,-1,STAT1
NFKB1,1,WT1
RELA,1,WT1
ETS2,1,ICAM1
TCF12,1,TCF3
NFKB2,1,MYC
FOS,-1,JUND
NFATC2,1,CREBBP
FOS,1,LITAF
FOS,1,TCF3
TCF3,1,LITAF
TBX2,1,FN1
SP1,1,PSAP
SP3,1,PSAP
YY1,1,CTCF
STAT5A,1,RB1
STAT5A,1,CREBBP
ID1,-1,ID2
ID2,-1,ID1
SMAD2,-1,RUNX2
TP53,-1,HLA-B
MYC,-1,HLA-B
WT1,1,TFAP2A
ETS1,1,FOXD1
USF1,1,MYC
GATA6,1,TTF1
TTF1,1,CALR
AHR,1,FOS
DDIT3,1,VEGFA
E2F3,1,BRCA1
E2F4,1,EPAS1
E2F4,1,YBX3
E2F6,-1,EFNA5
ETS1,1,EGR1
ETS1,1,MYB
EZH2,-1,HOXA7
FOXO3,1,KLF6
FOXO3,1,DDIT3
GATA2,1,MYC
GATA2,1,WT1
JUN,1,PPARA
PPARA,-1,JUN
MAX,1,DDIT3
MYC,1,APP
MYC,1,GSTP1
MYC,1,HSPA8
MYC,1,ICAM1
MYC,1,IRF2
MYC,1,LAMB2
SMAD7,1,MYC
MYC,1,SMAD7
MYC,1,NFIL3
MYC,1,PSAP
MYC,1,STAT6
MYC,1,TCF12
MYC,1,TGFB1
MYC,1,FOSL1
MYC,1,YBX3
HDAC3,-1,MYC
MYC,1,HDAC3
MYC,1,SIRT1
SIRT1,-1,MYC
MYC,1,CXXC1
RARA,1,SMAD3
RELA,1,NR4A1
RXRA,1,RXRA
SP3,1,TIMP1
TBP,1,APP
TBP,1,FN1
TCF7L2,1,MYC
NR2F2,-1,PPARA
CEBPZ,1,SOX9
CEBPZ,1,THBS1
ARNT,1,BHLHE40
ARNT,1,BRCA1
ARNT,-1,FOS
ARNT,1,JUN
ATF1,1,GABPA
ATF2,1,RELA
ATF6,1,DDIT3
BRCA1,1,DDIT3
BRCA1,1,EP300
EP300,1,BRCA1
BRCA1,-1,FOXC1
BRCA1,-1,HMGA2
BRCA1,1,SIRT1
BRCA1,1,STAT1
BRCA1,1,STAT2
BRCA1,1,STAT3
STAT3,1,BRCA1
BRCA1,1,VEGFA
BTG2,-1,HRAS
CEBPA,1,FN1
CEBPA,1,ICAM1
CEBPA,1,ID1
STAT3,1,CEBPA
CEBPA,1,STAT3
CLOCK,1,NAMPT
CLOCK,-1,NR3C1
COPS5,1,VEGFA
CREB1,1,GABPA
CREB1,-1,NR2F1
CREB1,-1,SNAI1
CREB1,-1,SNAI2
CREBBP,1,BRCA1
CREBBP,1,CREB1
EP300,1,CREBBP
CREBBP,1,EP300
CREBBP,1,EZH2
CREBBP,1,PPARA
CREBBP,1,S100A4
CREM,1,TBP
CTNNB1,1,GLI2
JUN,1,CTNNB1
CTNNB1,1,JUN
CTNNB1,1,MYC
CTNNB1,1,PPARD
CTNNB1,-1,RB1
CTNNB1,1,TCF7
CTNNB1,1,VIM
DDIT3,-1,CEBPA
DDIT3,-1,SIRT1
DNMT1,1,HDAC1
HDAC1,1,DNMT1
DNMT1,-1,MBD2
E2F1,1,CREBBP
E2F1,1,CUX1
E2F1,1,DNMT1
E2F1,1,ETV4
E2F1,1,MYB
E2F3,1,CUX1
E2F3,1,TFE3
E2F3,1,VEGFA
E2F4,1,CUX1
E2F7,-1,E2F1
EGR1,1,EP300
EGR1,1,TCF4
EP300,1,DNMT1
EP300,1,EZH2
MYC,1,EP300
EP300,-1,MYC
EP300,1,RELA
EP300,1,S100A4
EP300,1,TP73
EP300,1,VEGFA
EP300,1,WT1
YY1,1,EP300
EP300,1,YY1
EP300,1,ZEB1
USF2,1,EPAS1
EPAS1,1,USF2
ETS2,1,EGR1
ETV4,1,TIMP2
EZH2,-1,FOXC1
EZH2,-1,HDAC1
EZH2,-1,SNAI2
EZH2,-1,TWIST1
FOS,1,DDIT3
FOS,-1,NFKB1
FOS,1,SMAD4
FOSL1,1,EZH2
FOSL2,1,BRCA1
FOSL2,1,FOSL1
FOSL2,1,MYB
FOSL2,1,TGFB1
FOSL2,-1,TIMP1
FOXM1,1,BTG2
NFKB1,1,GATA3
GATA3,1,NFKB1
GATA3,1,RELA
RELA,1,GATA3
GATA3,1,TCF7L2
TCF7L2,1,GATA3
GLI2,1,JUN
GTF3A,1,STAT1
HDAC1,-1,E2F1
HDAC1,-1,EGR1
HDAC1,-1,FOS
HDAC1,1,ICAM1
HDAC1,-1,KLF4
NFKB1,1,HDAC1
HDAC1,1,NFKB1
HDAC1,1,RUNX3
HDAC1,1,SMAD7
HDAC1,-1,SNAI2
HDAC1,-1,SP1
HDAC1,1,STAT3
HDAC1,-1,TP53
HDAC3,-1,GATA2
HDAC3,-1,JUN
HDAC3,1,VEGFA
HDAC4,1,ATF4
HDAC4,1,HDAC3
HDAC4,1,JUN
HDAC4,1,KLF4
HDAC4,-1,MEF2A
HDAC4,-1,RUNX2
HDAC4,1,SMAD4
HDAC4,1,TGIF1
HDAC4,-1,VEGFA
HDAC4,-1,WT1
HDGF,1,VIM
HIF1A,1,E2F3
HIF1A,1,HBEGF
HIF1A,1,MIF
HIF1A,1,NR3C1
HIF1A,1,PPARA
HIF1A,1,TIMP2
HIF1A,1,TWIST2
HIF1A,1,VIM
HIPK2,-1,MEF2C
HIPK2,-1,VEGFA
HIPK2,-1,VIM
HOXA1,1,EPAS1
HOXA1,1,MYC
HOXA7,1,VIM
HOXB7,1,VEGFA
HSF1,1,NFKB1
HSF1,1,RELA
ID1,-1,ZNF148
ID2,1,SNAI1
ID3,-1,VEGFA
IRF1,-1,E2F1
JUN,1,CREM
CREM,-1,JUN
JUN,1,ETS2
JUN,1,EZH2
JUN,1,NAMPT
JUN,1,NFKB2
JUN,-1,RARA
JUN,-1,RARG
JUN,1,RUNX2
JUN,1,TIMP2
JUN,1,TP73
JUNB,1,SMAD4
KLF2,-1,FABP5
KLF5,1,FOXO1
KLF5,1,HIF1A
KLF5,1,NOTCH1
LEF1,1,CEBPA
LEF1,1,TCF3
TCF4,1,LEF1
LEF1,1,TCF4
MEF2A,1,NRF1
MEF2C,-1,NR4A1
MEF2C,1,VEGFA
MSX2,1,NKX3-1
MTA1,1,HDAC1
MTA1,1,MYC
MTA1,1,SNAI2
MYB,1,CEBPA
CEBPA,-1,MYB
MYB,1,GATA3
MYB,-1,ICAM1
MYC,1,ATF3
MYC,1,CREBBP
CREBBP,1,MYC
MYC,1,HLA-A
MYC,1,TFAP4
MYC,1,TP73
NFIC,1,COL18A1
NFIC,1,HMGB1
NFIC,1,JUN
NFIL3,1,APP
NFKB1,1,ATF3
NFKB1,1,B2M
NFKB1,1,BTG2
NFKB1,1,E2F1
NFKB1,1,GSTP1
NFKB1,1,HBEGF
NFKB1,1,IRF1
NFKB1,1,JUNB
NFKB1,1,MIF
NFKB1,1,NAMPT
NFKB1,1,NCOR2
NFKB1,1,NRF1
NFKB1,1,SNAI1
NFKB1,1,TBP
NFKB1,-1,TIMP1
NFKB1,1,VEGFA
NFKB2,-1,HIF1A
NKX3-1,1,VEGFA
NR2F2,1,E2F1
NR3C1,-1,ATF2
NR3C1,-1,ETS1
NR3C1,-1,NFKB1
NR3C1,-1,STAT1
NR4A1,1,TIMP2
PPARA,1,STAT5A
PPARD,1,TIMP1
PPARG,-1,ICAM1
RARA,1,ETS1
RARG,1,ICAM1
RB1,1,ATF2
ATF2,1,RB1
RB1,-1,BRCA1
RB1,-1,MYC
RB1,1,PPARG
PPARG,1,RB1
RB1,-1,RB1
RB1,1,VEGFA
E2F1,1,RELA
RELA,1,E2F1
RELA,1,EPAS1
RELA,1,FOXO3
RELA,1,HBEGF
RELA,1,HDAC1
RELA,1,JUNB
RELA,1,MIF
RELA,1,NCOR2
RELA,-1,PPARD
RELA,1,SNAI1
RELA,1,TBP
RELA,1,VEGFA
RUNX1,1,JUN
RUNX1,1,MECOM
RUNX1,1,NFKB1
RUNX2,1,TWIST1
TWIST1,-1,RUNX2
RUNX3,1,FADD
RUNX3,1,TCF4
SIRT1,-1,CTNNB1
SIRT1,-1,EZH2
SIRT1,1,HIF1A
SIRT1,1,HSF1
SIRT1,-1,ICAM1
SIRT1,-1,NOTCH1
SIRT1,-1,PAX6
SIRT1,1,TP73
SMAD2,1,AHR
SMAD3,1,AHR
SMAD3,1,VDR
SMAD4,1,AHR
SNAI1,1,HBEGF
SNAI1,-1,THBS1
SOX9,1,KLF4
SOX9,1,MITF
SP1,1,ADAM10
SP1,1,ARF6
SP1,1,COL18A1
SP1,1,ELF4
SP1,1,HDAC4
SP1,1,HOXB7
SP1,1,MTA1
SP1,1,NFKB2
SP1,1,NR4A1
SP1,1,YY1
SP3,1,HBEGF
SP3,1,HDAC4
SP3,1,HOXB7
SP3,1,NFKB1
SP3,1,RELA
SP3,1,TIMP2
SP3,1,YY1
STAT1,1,APP
STAT1,1,STAT2
STAT2,1,STAT1
STAT1,1,TIMP1
TP53,1,STAT1
STAT1,1,TP53
STAT3,-1,DDIT3
STAT3,1,EPAS1
STAT3,1,TWIST2
STAT3,-1,VDR
STAT5A,1,SP1
STAT6,1,FOS
TBP,1,E2F1
MYC,1,TCF3
TCF3,1,MYC
TCF4,1,JUN
TCF4,1,KLF4
TCF4,-1,MITF
TCF4,1,VEGFA
TCF4,1,VIM
TCF7,1,SNAI2
TCF7L2,1,CTNNB1
TCF7L2,1,SNAI2
STAT3,1,TCF7L2
TCF7L2,1,STAT3
TFAP2A,1,TIMP2
TP53,-1,E2F3
TP53,1,E2F7
TP53,-1,FGF2
TP53,-1,FOXM1
FOXM1,-1,TP53
TP53,1,GLI2
TP53,1,SMAD3
TP53,-1,TCF7L2
TWIST1,1,FN1
TWIST1,1,FOS
TWIST1,1,ICAM1
TWIST1,-1,MYB
TWIST1,1,NR2F1
TWIST1,-1,TIMP1
TWIST2,1,FN1
TWIST2,1,FOS
TWIST2,1,ICAM1
TWIST2,-1,MYB
TWIST2,1,NR2F1
TWIST2,-1,RUNX2
USF1,1,B2M
USF1,1,NFKB1
USF1,1,RELA
USF2,1,B2M
USF2,1,BRCA1
USF2,1,HIF1A
BHLHE40,-1,VDR
VDR,1,BHLHE40
VHL,-1,KLF10
VHL,-1,TCF4
VHL,-1,VEGFA
WT1,1,DNMT3A
WT1,1,HBEGF
WT1,1,JUNB
YY1,-1,CREBBP
YY1,-1,EPAS1
YY1,1,HDAC1
YY1,1,HDAC3
YY1,1,HIF1A
YY1,1,HOXB7
YY1,1,SMAD7
YY1,1,TFAP2A
ZBTB7A,-1,FOS
ZBTB7A,-1,MYC
STAT3,1,AHR
STAT3,1,SMAD1
STAT3,1,XBP1
CREB1,1,ETV6
CREB1,1,LGALS8
CREB1,-1,THBS1
CREB1,1,PITX2
CREB1,1,STAT3
CREB1,1,TGFB1
CTNNB1,-1,APP
CTNNB1,-1,CEBPA
CTNNB1,-1,CTNNB1
CTNNB1,1,DNMT1
CTNNB1,-1,FADD
CTNNB1,1,FOSL1
CTNNB1,-1,HIF1A
CTNNB1,1,ID2
CTNNB1,1,ID3
CTNNB1,1,KLF5
CTNNB1,1,LGALS3
CTNNB1,1,MSX1
CTNNB1,1,MSX2
CTNNB1,1,NOTCH1
CTNNB1,1,NR4A1
CTNNB1,1,RUNX2
CTNNB1,1,S100A4
CTNNB1,1,TCF4
CTNNB1,1,TWIST1
CTNNB1,1,VEGFA
CTNNB1,1,FN1
CTNNB1,1,RARG
GLI2,1,E2F1
GLI2,-1,EFNA1
GLI2,-1,JUNB
GLI2,-1,MAZ
GLI2,-1,MSX2
GLI2,-1,MYC
GLI2,-1,VDR
GLI2,1,NR2F1
NR1H2,1,BHLHE40
SP3,1,TGFB1
GATA6,1,MAFK
FOXO1,-1,ELK3
FOXO1,-1,ID1
FOXO1,1,ID2
FOXO1,1,JUN
FOXO1,1,KLF4
FOXO1,-1,PBX1
FOXO1,1,RELA
FOXO1,1,SMAD4
FOXO1,1,TCF4
TP53,-1,FOXO1
FOXO1,1,TP53
HIF1A,1,MDK
HIF1A,1,BHLHE40
NFKB1,1,MYB
NFKB1,1,VIM
RELA,1,B2M
SP1,1,COL6A1
SP1,1,HSF1
SP1,1,MSX1
SP1,1,RUNX2
SP1,1,SMAD4
TCF7L2,1,GLI2
TCF7L2,1,LEF1
TCF7L2,1,TCF7
TCF7L2,1,VIM
TP53,-1,TCF4
MYC,1,E2F3
MYC,1,MIF
MYC,1,SRSF2
SMAD3,1,COL6A1
SMAD3,1,TIMP1
SMAD3,1,VIM
GATA4,1,MAFK
NOTCH1,1,GATA2
NOTCH1,-1,MYC
NOTCH1,1,NFKB1
NOTCH1,1,NFKB2
NOTCH1,1,REL
NOTCH1,1,RELA
NOTCH1,1,TCF7
LEF1,-1,APP
LEF1,1,E2F1
SMAD4,1,MSX1
JUN,1,GTF3A
JUN,1,COL6A1
YY1,1,CALR
E2F1,1,YBX3
E2F1,1,JUN
E2F1,1,ZEB1
FOXO3,1,CD55
FOXO3,-1,ELK3
FOXO3,1,HBP1
FOXO3,1,ID2
FOXO3,1,KLF4
FOXO3,1,SMAD4
STAT5A,1,PSAP
STAT5B,1,PSAP
ETS1,1,RUNX1
ETS2,1,RUNX1
E2F3,1,FGF2
E2F3,1,FOXO1
E2F4,1,JUN
E2F4,1,CALM1
BRCA1,-1,BRCA1
TCF7,-1,CEBPA
TCF7,1,LEF1
TCF7,1,PPARG
TCF7,1,RUNX2
RUNX2,1,TCF7
TCF7,1,VEGFA
GATA2,1,MAFK
ATF6,1,CALR
ATF6,1,HSP90B1
HBP1,1,CEBPA
HBP1,1,JUNB
HBP1,-1,MYB
HBP1,1,RUNX1
SMAD7,1,CTNNB1
SMAD1,1,ID2
SMAD1,1,ID3
SMAD1,1,MYC
SMAD1,1,SMAD7
HDAC1,-1,CEBPA
STAT2,1,JUND
RARA,1,BTG2
RARA,1,TGFB1
RXRA,1,BTG2
RXRA,1,ETS1
RXRA,1,HOXA1
FOS,1,SP3
FOS,1,HBEGF
HDAC1,-1,ADAM10
ETS1,1,NR4A1
HIF1A,1,NKX3-1
PIN1,1,SMAD2
SMAD2,1,PIN1
SMAD3,1,PIN1
DDIT3,1,JUND
NOTCH1,-1,RUNX2
NOTCH1,1,SOX9
NOTCH1,1,SNAI1
NOTCH1,1,SNAI2
NOTCH1,1,VEGFA
TBX2,-1,CEBPD
TBX2,-1,ADAM10
PARK7,1,ICAM1
PAWR,-1,VIM
PAWR,-1,CEBPB
TAF1,-1,TP53
TERF2,-1,ICAM1
KLF2,-1,VEGFA
SMAD1,1,RUNX2
PIN1,1,MYC
PIN1,1,PPARD
PIN1,1,FN1
SIRT1,1,MEF2C
CREB1,1,FOXO3
CTNNB1,1,TGIF1
EP300,1,SMAD7
FOS,1,FOXC1
FOS,1,FOXO3
FOXO3,1,FOXO3
HDAC3,1,SMAD7
JUN,1,FOXC1
JUN,1,FOXO3
NFKB1,1,LGALS1
RARA,1,FOXC1
RARA,1,HOXA1
RARG,1,FOXC1
SMAD3,1,FOXO3
SRSF2,-1,SRSF2
SRSF2,-1,VIM
TCF7L2,1,TGIF1
FOXO3,1,NOTCH1
HIF1A,1,KDM5A
USF1,1,ADAM10
SP1,1,ID1
STAT5A,1,DNMT3A
STAT5A,-1,MEF2C
RARA,-1,NR4A1
TWIST1,1,SNAI2
CREB1,1,PKM
CREB1,1,CTNNB1
RUNX1,1,MYC
RUNX1,1,HHEX
NR3C1,1,CEBPA
NR3C1,1,CEBPD
NR3C1,1,NR4A1
NR4A1,1,NR3C1
NR3C1,1,RXRA
NR3C1,1,NR2F2
NR2F2,1,NR3C1
NR3C1,1,CEBPB
CEBPB,1,NR3C1
NR3C1,1,NR4A2
NR3C1,1,FOXO3
NR3C1,1,KLF5
TCF4,1,SOX9
FGF2,1,TGFB1
NOTCH1,1,NOTCH1
NOTCH1,1,PPARG
NOTCH1,1,PIN1
NOTCH1,1,TCF12
SMAD1,1,GATA3
STAT6,1,KLF4
STAT6,1,PPARA
STAT6,1,PPARG
HDAC1,1,VDR
NCOA1,1,RARA
SREBF1,1,PKM
EPAS1,1,KDM5A
CEBPD,1,KLF5
NFATC1,1,LIF
FOXO1,1,TGFB1
ZEB1,1,TGFB1
AHR,-1,GATA3
ARNT,-1,LGALS1
ATF1,1,CEBPA
ATF1,1,PPARG
ATF2,1,HIF1A
ATF2,1,PPARG
ATF3,1,VEGFA
ATF3,1,TWIST1
ATF3,1,EPAS1
ATF6,1,VEGFA
ATF6,-1,MEF2A
BHLHE40,1,RUNX2
BHLHE41,-1,VDR
CEBPA,-1,PPARD
PPARD,-1,CEBPA
CEBPA,-1,MIF
CEBPA,-1,JUNB
CEBPA,-1,IRF1
CEBPA,1,VDR
CEBPB,-1,ATF6
CEBPB,1,RELA
CEBPB,-1,SMAD2
CEBPD,1,CEBPA
CEBPD,-1,MIF
CLOCK,1,PPARA
CLOCK,1,EP300
CREB1,1,STAT5A
CREB1,1,ID1
CREM,-1,GSTP1
CREM,1,NR3C1
CUX1,-1,HLA-B
CUX1,-1,RUNX2
DDIT3,1,ID1
DDIT3,1,HSP90B1
E2F1,1,SIRT1
E2F1,1,EZH2
E2F1,1,CALR
E2F1,1,SNAI2
EGR1,1,SNAI2
EGR1,1,TIMP2
EGR1,1,SNAI1
ELF1,-1,SNAI2
EPAS1,-1,AHR
ETS1,1,ETS2
ETS2,1,ETS1
ETS2,1,NR2F2
ETV4,1,EP300
ETV4,1,TGFB1
ETV4,1,PPARG
ETV6,1,VEGFA
FOS,1,FOSL2
FOSL1,1,FGF2
FOSL1,1,SNAI2
FOSL1,-1,THBS1
FOSL1,1,SNAI1
FOSL2,1,CEBPA
FOSL2,1,CEBPB
FOXC1,1,TGFB1
FOXD1,-1,EFNA5
FOXM1,1,CTNNB1
FOXO1,-1,NR2F2
FOXO1,1,NKX3-1
FOXO3,1,EGR1
FOXO3,-1,APP
GABPA,1,VEGFA
GATA2,1,HHEX
GATA2,1,CEBPA
GATA3,-1,GATA2
GATA3,1,ZBTB7B
GATA3,1,BHLHE41
GATA3,1,MYC
GATA4,1,SOX9
GATA4,1,YY1
GATA6,1,VEGFA
GLI2,1,RUNX2
GLI2,-1,FOXC1
HIF1A,-1,CEBPA
HIF1A,1,FN1
HIF1A,1,THBS1
HIF1A,1,SMAD4
HIF1A,1,GATA4
HMGA2,1,JUNB
HMGA2,1,FOSL1
HOXA1,1,LAMB1
HOXB9,1,VEGFA
HOXB9,1,FGF2
HSF1,1,HSF2
HSF1,1,ATF3
ID1,1,CTNNB1
JUN,1,FOSL2
JUN,1,HLA-A
JUNB,1,GATA3
JUNB,1,RUNX2
KLF2,-1,THBS1
KLF2,1,NFE2L2
KLF2,-1,TGFB1
KLF4,1,HSP90AA1
KLF5,1,ICAM1
KLF6,1,VEGFA
LEF1,1,MYB
LEF1,1,SP1
MECOM,1,FOS
MITF,-1,SMAD3
MSX1,-1,VDR
MSX1,-1,RUNX2
MSX2,1,MSX1
MSX2,-1,PITX2
MTA1,1,HIF1A
MTA1,1,GNAI2
MYB,1,VDR
MYB,1,B2M
MYB,1,PAX6
MYB,1,HHEX
MYB,1,VIM
MYB,1,TP53
MYC,1,B2M
NCOA1,1,TP53
NCOA1,1,KLF10
NCOR2,-1,NR2F1
NFATC1,1,LTBP3
NFE2L2,1,NR3C1
NFE2L2,1,FOXO3
NFE2L2,1,PPARG
NFIC,1,TGFB1
NFIC,1,STAT5A
NFIC,1,FOXM1
NFIC,1,NR3C1
NFKB1,-1,HLA-A
NFKB2,1,B2M
NR2F1,1,LAMC1
NR2F1,1,LAMB1
NR2F1,1,GATA4
NR2F1,1,GATA6
NR2F2,1,PPARG
NR3C1,1,FOXO1
NR3C1,-1,TGFB1
NR3C1,1,TIMP1
NR3C1,-1,MDK
NR3C1,1,RARG
NR3C1,1,VDR
NR4A1,-1,SREBF1
NR4A1,1,HDAC1
PAX6,1,TCF4
PBX1,-1,RUNX2
PITX2,-1,TBX2
PPARG,1,PPARA
PPARA,1,PPARG
PPARA,-1,FOS
PPARA,-1,BSG
PPARA,1,APP
PPARD,1,PPARA
PPARD,1,PPARG
PPARD,1,FN1
PPARD,-1,SREBF1
PPARD,1,TWIST1
PPARD,1,CEBPB
PPARG,-1,STAT3
PPARG,-1,APP
PPARG,-1,STAT5A
PPARG,-1,NFATC1
PURA,1,GATA2
RARA,-1,PPARG
RARA,1,FGF2
RARA,1,SOX9
RARA,1,FOS
RARA,1,NFATC1
RARA,-1,APP
REL,1,FOS
REL,1,E2F3
REL,1,SP1
REL,1,HLA-A
RELA,1,SMAD7
RELA,1,JUN
RELA,1,FOSL1
RELA,1,SNAI2
RUNX2,1,RARA
RUNX2,-1,CEBPA
RUNX3,-1,RUNX2
RXRA,1,HIF1A
RXRA,-1,CTNNB1
RXRA,1,APP
SMAD1,1,JUNB
SMAD1,1,GATA2
SMAD2,1,SMAD4
SMAD2,1,SNAI2
SMAD2,1,THBS1
SMAD2,-1,PITX2
SMAD2,-1,TIMP1
SMAD2,1,ATF3
SMAD2,-1,FOXC1
SMAD3,1,FOS
SMAD3,-1,MEF2C
SMAD3,1,CREB1
SMAD4,1,CREB1
SMAD4,1,SOX9
SMAD7,1,TIMP2
SMAD7,-1,E2F1
SOX9,1,GLI2
SP1,1,GATA6
SP1,1,GATA4
SP1,1,NFATC2
SP1,1,HHEX
SP3,1,WT1
SP3,1,HHEX
SP3,-1,CALM1
SREBF1,1,GNAI2
STAT1,1,HLA-A
STAT1,-1,HMGB1
STAT1,1,HSPG2
STAT3,1,FN1
STAT3,1,APP
STAT3,1,HRAS
STAT3,-1,HMGB1
STAT3,1,GABPA
STAT3,1,GATA4
STAT3,1,KLF4
STAT3,1,NOTCH1
STAT5A,1,CEBPA
STAT5A,1,MYC
STAT5B,1,FGF2
TAF1,1,HLA-A
TBP,1,USF1
TCF4,-1,ID2
TFAP2A,1,SOX9
TFE3,1,SP1
THRA,1,NR3C1
THRA,1,FN1
TP53,1,WT1
TP53,1,ICAM1
TP53,1,THRA
TP53,1,HLA-A
TP53,1,MDK
TP53,1,B2M
TP73,1,FGF2
TP73,1,FOSL1
TP73,1,HSF1
TWIST1,1,VEGFA
TWIST2,-1,RELA
USF1,1,TFAP4
USF2,1,PPARA
VDR,1,PPARD
VDR,1,BRCA1
VDR,-1,MYC
VDR,1,HDAC3
YBX3,-1,VEGFA
YY1,-1,CREB1
YY1,1,CEBPD
ZBTB7A,1,SREBF1
NR1H3,1,FOS
STAT3,-1,MYB
JUN,1,RB1
JUN,1,LAMB1
JUN,1,STAT3
KLF10,-1,GSTP1
MYB,1,SNAI2
GATA3,-1,RUNX3
FOXM1,1,FOXM1
FOXM1,1,SNAI2
FOXO3,-1,TWIST1
FOXO3,-1,YBX1
ETS2,-1,THBS1
KLF5,1,E2F3
FOXC1,1,NOTCH1
RUNX2,1,ATF6
SNAI1,-1,BRCA1
FOXO1,1,CEBPB
CUX1,1,SNAI1
TCF7L2,1,COPS5
TCF7L2,1,VEGFA
TCF7L2,1,ZEB1
TCF7L2,1,JUN
MEF2C,1,FOS
TFAP4,1,SNAI1
TFAP4,1,VIM
NFATC1,1,MYC
USF2,1,CEBPA
BHLHE40,-1,SREBF1
SKIL,-1,SKIL
FOSL2,-1,PPARG
FOSL2,1,LIF
FOSL2,1,FGF2
TGIF1,-1,TGFB1
GLI2,1,ZEB1
MECOM,1,E2F1
SIRT1,1,SIRT1
SIRT1,1,SREBF1
VHL,-1,SNAI1
PAX6,1,TCF7L2
CTNNB1,1,PITX2
CTNNB1,1,COPS5
STAT3,1,EGR1
STAT3,1,FOXM1
STAT3,1,ANXA1
STAT3,1,HMGA2
CUX1,1,THBS1
CUX1,1,VIM
YY1,1,SNAI1
LEF1,1,NOTCH1
MYC,1,SNAI1
PBX1,1,PBX1
PBX1,1,HOXB7
PBX1,1,SNAI1
PBX1,1,VIM
SOX9,1,MECOM
SOX9,-1,FOS
SOX9,-1,JUNB
SOX9,1,LEF1
SOX9,1,PITX2
SOX9,1,TWIST1
SOX9,-1,BHLHE40
TCF7L2,1,E2F1
MEF2C,1,RUNX2
MEF2C,-1,LEF1
TCF3,1,FOXO1
CLOCK,1,ATF4
STAT5B,-1,MEF2C
MYB,-1,RUNX1
CEBPA,1,COPS5
TWIST1,-1,TCF3
EPAS1,1,BHLHE40
CTCF,1,NFE2L2
CTCF,1,PPARD
YY1,1,HSF1
E2F1,1,HOXB9
E2F4,1,E2F3
E2F4,1,FOXM1
E2F4,1,HMGB1
E2F4,1,ID3
E2F4,1,PARK7
E2F4,1,SP1
STAT1,1,IRF2
STAT1,1,CREM
STAT1,1,SEMA4B
HIF1A,1,PKM
GATA2,1,FOXO3
GATA2,1,HMGB1
NFIC,1,TFAP2A
